Image,Aire (px²),Aire (mm²),Diamètre (px),Diamètre (mm),Temps (sec)
00000.jpg,751.0,2.466370486519448,30.922530590107066,1.7724319096487788,0.04
00001.jpg,751.0,2.466370486519448,30.922530590107066,1.7724319096487788,0.08
00002.jpg,740.5,2.431887277320441,30.705600187529114,1.7599977925062082,0.12
00003.jpg,726.5,2.3859096650550984,30.413952871175685,1.7432810167442132,0.16
00004.jpg,747.5,2.454876083453112,30.85038994388133,1.7682969187242623,0.2
00005.jpg,737.5,2.4220349318350105,30.643338007504706,1.7564290200760868,0.24000000000000002
00006.jpg,734.0,2.4105405287686748,30.570538527078803,1.7522562657881826,0.28
00007.jpg,739.5,2.428603162158631,30.684860164772672,1.7588090062898525,0.32
00008.jpg,738.5,2.4253190469968207,30.66410611426522,1.7576194160243765,0.36
00009.jpg,735.5,2.4154667015113898,30.601759510732585,1.7540458045685658,0.39999999999999997
00010.jpg,721.5,2.3694890892460476,30.309113011211988,1.7372717571636853,0.43999999999999995
00011.jpg,745.5,2.4483078531294917,30.809090875909725,1.7659297196459618,0.4799999999999999
00012.jpg,729.5,2.395762010540529,30.4766836759563,1.7468766500248438,0.5199999999999999
00013.jpg,746.5,2.451591968291302,30.82974732534795,1.7671137155682122,0.5599999999999999
00014.jpg,747.0,2.453234025872207,30.8400703617415,1.7677054161424934,0.6
00015.jpg,720.5,2.366204974084237,30.288101491867806,1.7360674091803499,0.64
00016.jpg,726.0,2.384267607474193,30.403485153477522,1.742681023260001,0.68
00017.jpg,738.0,2.4236769894159154,30.653723819701746,1.7570243188629056,0.7200000000000001
00018.jpg,746.0,2.449949910710397,30.81942083122964,1.7665218168024641,0.7600000000000001
00019.jpg,743.0,2.4400975652249666,30.757389059187485,1.7629662510036304,0.8000000000000002
00020.jpg,729.5,2.395762010540529,30.4766836759563,1.7468766500248438,0.8400000000000002
00021.jpg,724.5,2.379341434731478,30.372060354224,1.7408798020828096,0.8800000000000002
00022.jpg,730.5,2.399046125702339,30.497565270510307,1.7480735509189678,0.9200000000000003
00023.jpg,729.0,2.394119952959624,30.46623751157884,1.7462778919438358,0.9600000000000003
00024.jpg,749.0,2.4598022561958275,30.881327999401787,1.7700702404990492,1.0000000000000002
00025.jpg,727.5,2.3891937802169085,30.434877505829245,1.7444803846306687,1.0400000000000003
00026.jpg,770.0,2.528768674593841,31.311251163856024,1.7947127752733427,1.0800000000000003
00027.jpg,732.5,2.4056143560259593,30.539285625543155,1.7504648975238848,1.1200000000000003
00028.jpg,725.0,2.380983492312383,30.38253889873249,1.7414804161431436,1.1600000000000004
00029.jpg,719.0,2.361278801341522,30.256556854086718,1.7342593190430116,1.2000000000000004
00030.jpg,726.5,2.3859096650550984,30.413952871175685,1.7432810167442132,1.2400000000000004
00031.jpg,740.0,2.4302452197395357,30.695231927842155,1.7594034998022803,1.2800000000000005
00032.jpg,732.5,2.4056143560259593,30.539285625543155,1.7504648975238848,1.3200000000000005
00033.jpg,723.0,2.3744152619887626,30.340603007249587,1.7390767153202993,1.3600000000000005
00034.jpg,729.5,2.395762010540529,30.4766836759563,1.7468766500248438,1.4000000000000006
00035.jpg,726.0,2.384267607474193,30.403485153477522,1.742681023260001,1.4400000000000006
00036.jpg,730.5,2.399046125702339,30.497565270510307,1.7480735509189678,1.4800000000000006
00037.jpg,723.5,2.376057319569668,30.351092412232713,1.7396779518863412,1.5200000000000007
00038.jpg,716.5,2.3530685134369964,30.203909247028673,1.7312416391527963,1.5600000000000007
00039.jpg,713.5,2.343216167951566,30.140610729853144,1.727613465470554,1.6000000000000008
00040.jpg,748.5,2.458160198614922,30.871018759254923,1.769479330704416,1.6400000000000008
00041.jpg,723.5,2.376057319569668,30.351092412232713,1.7396779518863412,1.6800000000000008
00042.jpg,723.0,2.3744152619887626,30.340603007249587,1.7390767153202993,1.7200000000000009
00043.jpg,732.0,2.4039722984450544,30.52886088189566,1.7498673672461837,1.760000000000001
00044.jpg,707.0,2.3218694193997997,30.003005818213616,1.7197261635046428,1.800000000000001
00045.jpg,714.5,2.346500283113376,30.161724995650925,1.728823702722636,1.840000000000001
00046.jpg,729.0,2.394119952959624,30.46623751157884,1.7462778919438358,1.880000000000001
00047.jpg,721.5,2.3694890892460476,30.309113011211988,1.7372717571636853,1.920000000000001
00048.jpg,724.5,2.379341434731478,30.372060354224,1.7408798020828096,1.960000000000001
00049.jpg,710.5,2.3333638224661355,30.077178998940926,1.7239776561817426,2.000000000000001
00050.jpg,734.5,2.4121825863495796,30.580949063231785,1.7528529817141425,2.040000000000001
00051.jpg,711.0,2.3350058800470403,30.087760240780646,1.724584156695204,2.080000000000001
00052.jpg,715.0,2.3481423406942814,30.172276587716105,1.729428503756608,2.120000000000001
00053.jpg,733.0,2.4072564136068646,30.549706811864404,1.7510622239011149,2.160000000000001
00054.jpg,731.5,2.402330240864149,30.5184325772765,1.7492696328590618,2.200000000000001
00055.jpg,726.5,2.3859096650550984,30.413952871175685,1.7432810167442132,2.240000000000001
00056.jpg,726.5,2.3859096650550984,30.413952871175685,1.7432810167442132,2.280000000000001
00057.jpg,719.5,2.362920858922427,30.26707538625015,1.7348622251342452,2.320000000000001
00058.jpg,742.0,2.436813450063156,30.736683981742253,1.7617794677987844,2.360000000000001
00059.jpg,714.0,2.3448582255324713,30.15116971098976,1.7282186900347398,2.4000000000000012
00060.jpg,715.5,2.3497843982751863,30.18282449105797,1.7300330933586308,2.4400000000000013
00061.jpg,713.0,2.3415741103706607,30.130048048354833,1.7270080288073253,2.4800000000000013
00062.jpg,725.0,2.380983492312383,30.38253889873249,1.7414804161431436,2.5200000000000014
00063.jpg,737.0,2.420392874254105,30.632948674096244,1.7558335194588435,2.5600000000000014
00064.jpg,729.5,2.395762010540529,30.4766836759563,1.7468766500248438,2.6000000000000014
00073.jpg,631.5,2.0739187246831308,28.355789047393042,1.6253102308175214,2.6800000000000015
00074.jpg,728.5,2.3924778953787187,30.4557877642258,1.7456789284921763,2.7200000000000015
00075.jpg,729.5,2.395762010540529,30.4766836759563,1.7468766500248438,2.7600000000000016
00076.jpg,709.0,2.32843764972342,30.045412914740087,1.7221568730761008,2.8000000000000016
00077.jpg,734.0,2.4105405287686748,30.570538527078803,1.7522562657881826,2.8400000000000016
00078.jpg,723.5,2.376057319569668,30.351092412232713,1.7396779518863412,2.8800000000000017
00079.jpg,745.5,2.4483078531294917,30.809090875909725,1.7659297196459618,2.9200000000000017
00080.jpg,715.5,2.3497843982751863,30.18282449105797,1.7300330933586308,2.9600000000000017
00081.jpg,695.5,2.2841020950389828,29.75799226028708,1.7056823630756925,3.0000000000000018
00082.jpg,695.0,2.2824600374580775,29.747293718772774,1.7050691391252335,3.040000000000002
00083.jpg,698.0,2.292312382943508,29.811427376513585,1.7087451817806387,3.080000000000002
00084.jpg,728.0,2.3908358377978134,30.445334430207833,1.7450797594583978,3.120000000000002
00085.jpg,719.0,2.361278801341522,30.256556854086718,1.7342593190430116,3.160000000000002
00086.jpg,714.0,2.3448582255324713,30.15116971098976,1.7282186900347398,3.200000000000002
00087.jpg,692.5,2.2742497495535523,29.693743191606885,1.7019997052426876,3.240000000000002
00088.jpg,690.0,2.2660394616490267,29.640095915284455,1.698924725847242,3.280000000000002
00089.jpg,718.5,2.3596367437606167,30.246034663939245,1.7336562032817568,3.320000000000002
00090.jpg,727.5,2.3891937802169085,30.434877505829245,1.7444803846306687,3.360000000000002
00091.jpg,737.0,2.420392874254105,30.632948674096244,1.7558335194588435,3.400000000000002
00092.jpg,723.5,2.376057319569668,30.351092412232713,1.7396779518863412,3.440000000000002
00093.jpg,707.5,2.323511476980705,30.013613209677498,1.720334162874356,3.480000000000002
00094.jpg,706.5,2.3202273618188944,29.992394675240465,1.7191179491041864,3.5200000000000022
00095.jpg,709.0,2.32843764972342,30.045412914740087,1.7221568730761008,3.5600000000000023
00096.jpg,715.5,2.3497843982751863,30.18282449105797,1.7300330933586308,3.6000000000000023
00097.jpg,718.0,2.357994686179712,30.23550881198871,1.7330528776315806,3.6400000000000023
00098.jpg,727.5,2.3891937802169085,30.434877505829245,1.7444803846306687,3.6800000000000024
00099.jpg,719.5,2.362920858922427,30.26707538625015,1.7348622251342452,3.7200000000000024
00100.jpg,727.0,2.3875517226360032,30.424416987387996,1.7438808037967939,3.7600000000000025
00101.jpg,725.0,2.380983492312383,30.38253889873249,1.7414804161431436,3.8000000000000025
00102.jpg,705.0,2.3153011890761794,29.96053869739811,1.7172920134332257,3.8400000000000025
00103.jpg,710.5,2.3333638224661355,30.077178998940926,1.7239776561817426,3.8800000000000026
00104.jpg,702.5,2.307090901171654,29.907369997651948,1.714244465311314,3.9200000000000026
00105.jpg,703.0,2.308732958752559,29.918011296689148,1.7148544082109964,3.9600000000000026
00106.jpg,701.0,2.302164728428939,29.87542335866304,1.7124133330828253,4.000000000000003
00107.jpg,704.0,2.3120170739143693,29.93928254807644,1.716073643635702,4.040000000000003
00108.jpg,716.0,2.3514264558560916,30.19336870954244,1.7306374717502933,4.080000000000003
00111.jpg,728.0,2.3908358377978134,30.445334430207833,1.7450797594583978,4.200000000000003
00112.jpg,707.5,2.323511476980705,30.013613209677498,1.720334162874356,4.240000000000003
00166.jpg,707.0,2.3218694193997997,30.003005818213616,1.7197261635046428,4.400000000000003
00167.jpg,614.0,2.016446709351453,27.96013377055607,1.6026318786741451,4.440000000000003
00168.jpg,713.0,2.3415741103706607,30.130048048354833,1.7270080288073253,4.480000000000003
00169.jpg,708.0,2.32515353456161,30.024216853608277,1.7209419474412335,4.520000000000003
00170.jpg,717.0,2.3547105710179017,30.2144461073691,1.7318455957869554,4.560000000000003
00171.jpg,708.5,2.326795592142515,30.03481675397509,1.7215495174327804,4.600000000000003
00172.jpg,701.0,2.302164728428939,29.87542335866304,1.7124133330828253,4.640000000000003
00173.jpg,688.0,2.2594712313254064,29.597108081327676,1.6964607292991698,4.680000000000003
00189.jpg,694.5,2.2808179798771726,29.736591328169585,1.7044556945509177,4.840000000000003
00190.jpg,699.0,2.295596498105318,29.83277462405867,1.7099687731882638,4.8800000000000034
00191.jpg,687.5,2.257829173744501,29.586351363515988,1.6958441707727916,4.9200000000000035
00192.jpg,682.5,2.2414085979354503,29.47856830447755,1.6896662115465049,4.9600000000000035
00193.jpg,692.5,2.2742497495535523,29.693743191606885,1.7019997052426876,5.0000000000000036
00194.jpg,688.0,2.2594712313254064,29.597108081327676,1.6964607292991698,5.040000000000004
00195.jpg,686.0,2.252903001001786,29.554057719513263,1.6939931487504354,5.080000000000004
00196.jpg,686.0,2.252903001001786,29.554057719513263,1.6939931487504354,5.120000000000004
00197.jpg,684.0,2.2463347706781653,29.51094455619561,1.6915219685160936,5.160000000000004
00198.jpg,670.5,2.201999215993728,29.218266799126305,1.67474612947658,5.200000000000004
00199.jpg,682.5,2.2414085979354503,29.47856830447755,1.6896662115465049,5.240000000000004
00200.jpg,683.0,2.243050655516355,29.489364337912,1.6902850235839315,5.280000000000004
00201.jpg,704.0,2.3120170739143693,29.93928254807644,1.716073643635702,5.320000000000004
00202.jpg,697.0,2.2890282677816978,29.790064831759068,1.7075207135604886,5.360000000000004
00203.jpg,679.0,2.2299141948691146,29.40288507740653,1.6853281653346988,5.400000000000004
00204.jpg,676.5,2.221703906964589,29.34870613865861,1.6822227118664614,5.440000000000004
00205.jpg,691.5,2.2709656343917417,29.672295920342346,1.7007703806292511,5.480000000000004
00206.jpg,681.5,2.23812448277364,29.456964367310718,1.6884279070844246,5.520000000000004
00207.jpg,688.5,2.2611132889063112,29.607860891157934,1.697077063826061,5.560000000000004
00208.jpg,692.5,2.2742497495535523,29.693743191606885,1.7019997052426876,5.600000000000004
00209.jpg,684.0,2.2463347706781653,29.51094455619561,1.6915219685160936,5.640000000000004
00210.jpg,678.0,2.2266300797073044,29.381225490616288,1.6840866711217668,5.680000000000004
00211.jpg,684.5,2.2479768282590706,29.521728749706018,1.6921401019072781,5.720000000000004
00212.jpg,689.5,2.2643974040681214,29.62935480389161,1.6983090618567966,5.760000000000004
00213.jpg,712.0,2.3382899952088505,30.10891156869401,1.7257965182907677,5.800000000000004
00214.jpg,710.0,2.33172176488523,30.066594033278285,1.7233709422244765,5.840000000000004
00215.jpg,720.0,2.364562916503332,30.277590264241923,1.7354649217739777,5.880000000000004
00226.jpg,699.5,2.2972385556862234,29.843442521636916,1.7105802406754236,6.0400000000000045
00227.jpg,682.5,2.2414085979354503,29.47856830447755,1.6896662115465049,6.0800000000000045
00228.jpg,688.5,2.2611132889063112,29.607860891157934,1.697077063826061,6.1200000000000045
00229.jpg,691.0,2.269323576810837,29.661566469288122,1.7001553849914877,6.160000000000005
00230.jpg,680.0,2.2331983100309247,29.42452872043851,1.6865687456759209,6.200000000000005
00231.jpg,680.5,2.23484036761183,29.435344574036808,1.6871886937746656,6.240000000000005
00232.jpg,683.0,2.243050655516355,29.489364337912,1.6902850235839315,6.280000000000005
00233.jpg,685.5,2.251260943420881,29.54328532705789,1.6933756917775813,6.320000000000005
00234.jpg,701.5,2.3038067860098437,29.886076032689814,1.713023927979421,6.360000000000005
00235.jpg,691.5,2.2709656343917417,29.672295920342346,1.7007703806292511,6.400000000000005
00236.jpg,686.5,2.254545058582691,29.56482618688446,1.6946103807434998,6.440000000000005
00237.jpg,687.5,2.257829173744501,29.586351363515988,1.6958441707727916,6.480000000000005
00238.jpg,682.5,2.2414085979354503,29.47856830447755,1.6896662115465049,6.520000000000005
00239.jpg,691.0,2.269323576810837,29.661566469288122,1.7001553849914877,6.560000000000005
00251.jpg,670.5,2.201999215993728,29.218266799126305,1.67474612947658,6.640000000000005
00252.jpg,675.0,2.216777734221874,29.316150714175198,1.6803566849894431,6.680000000000005
00253.jpg,671.5,2.205283331155538,29.2400470979385,1.6759945427170142,6.720000000000005
00254.jpg,686.5,2.254545058582691,29.56482618688446,1.6946103807434998,6.760000000000005
00255.jpg,683.0,2.243050655516355,29.489364337912,1.6902850235839315,6.800000000000005
00256.jpg,685.0,2.2496188858399755,29.53250900522315,1.6927580095787431,6.840000000000005
00257.jpg,670.5,2.201999215993728,29.218266799126305,1.67474612947658,6.880000000000005
00258.jpg,676.0,2.220061849383684,29.33785834448333,1.681600932982953,6.920000000000005
00259.jpg,678.0,2.2266300797073044,29.381225490616288,1.6840866711217668,6.960000000000005
00260.jpg,692.0,2.272607691972647,29.683021493047715,1.7013851539660212,7.000000000000005
00261.jpg,683.0,2.243050655516355,29.489364337912,1.6902850235839315,7.040000000000005
00262.jpg,690.0,2.2660394616490267,29.640095915284455,1.698924725847242,7.080000000000005
00263.jpg,679.0,2.2299141948691146,29.40288507740653,1.6853281653346988,7.120000000000005
00264.jpg,667.0,2.1905048129273923,29.14190756176324,1.6703693353942082,7.1600000000000055
00265.jpg,673.0,2.2102095038982537,29.2726871606753,1.6778654209285842,7.2000000000000055
00266.jpg,679.0,2.2299141948691146,29.40288507740653,1.6853281653346988,7.2400000000000055
00267.jpg,672.0,2.2069253887364435,29.25093116572581,1.6766184007481928,7.280000000000006
00268.jpg,671.0,2.2036412735746334,29.229158977248975,1.6753704523797117,7.320000000000006
00269.jpg,674.5,2.2151356766409687,29.305290869122373,1.6797342153681625,7.360000000000006
00270.jpg,670.0,2.2003571584128228,29.20737055903114,1.67412157374743,7.400000000000006
00271.jpg,669.0,2.1970730432510126,29.185565874723483,1.672871762767889,7.440000000000006
00272.jpg,682.0,2.239766540354545,29.467768315727287,1.689047172796457,7.480000000000006
00273.jpg,679.0,2.2299141948691146,29.40288507740653,1.6853281653346988,7.520000000000006
00274.jpg,666.0,2.187220697765582,29.120053859730724,1.6691167147940436,7.560000000000006
00275.jpg,670.0,2.2003571584128228,29.20737055903114,1.67412157374743,7.600000000000006
00276.jpg,696.5,2.287386210200793,29.77937781264143,1.7069081500560908,7.640000000000006
00277.jpg,701.5,2.3038067860098437,29.886076032689814,1.713023927979421,7.680000000000006
00278.jpg,683.0,2.243050655516355,29.489364337912,1.6902850235839315,7.720000000000006
00279.jpg,686.0,2.252903001001786,29.554057719513263,1.6939931487504354,7.760000000000006
00280.jpg,677.0,2.2233459645454943,29.35954992478095,1.6828442610145378,7.800000000000006
00281.jpg,708.5,2.326795592142515,30.03481675397509,1.7215495174327804,7.840000000000006
00282.jpg,696.0,2.2857441526198876,29.768686956862464,1.7062953666401643,7.880000000000006
00283.jpg,691.0,2.269323576810837,29.661566469288122,1.7001553849914877,7.920000000000006
00284.jpg,703.5,2.310375016333464,29.928648812152996,1.7154641342420716,7.960000000000006
00285.jpg,681.5,2.23812448277364,29.456964367310718,1.6884279070844246,8.000000000000005
00286.jpg,673.5,2.2118515614791585,29.283559096857267,1.6784885835947974,8.040000000000004
00287.jpg,544.0,1.7865586480247397,26.318098569918163,1.5085129456231654,8.080000000000004
00289.jpg,685.0,2.2496188858399755,29.53250900522315,1.6927580095787431,8.160000000000002
00290.jpg,676.0,2.220061849383684,29.33785834448333,1.681600932982953,8.200000000000001
00291.jpg,672.0,2.2069253887364435,29.25093116572581,1.6766184007481928,8.24
00292.jpg,663.0,2.1773683522801517,29.054394128245264,1.6653531999379525,8.28
00293.jpg,649.5,2.1330327975957144,28.757070162057335,1.648311047335364,8.319999999999999
00294.jpg,653.0,2.1445272006620497,28.834448541840736,1.6527462570943252,8.359999999999998
00295.jpg,665.0,2.183936582603772,29.098183744847088,1.6678631534344877,8.399999999999997
00296.jpg,675.5,2.218419791802779,29.327006537807478,1.6809789241090813,8.439999999999996
00297.jpg,663.0,2.1773683522801517,29.054394128245264,1.6653531999379525,8.479999999999995
00298.jpg,660.5,2.169158064375626,28.999564122544584,1.6622104283130066,8.519999999999994
00299.jpg,666.0,2.187220697765582,29.120053859730724,1.6691167147940436,8.559999999999993
00300.jpg,651.5,2.1396010279193347,28.801311834618897,1.6508469119844695,8.599999999999993
00301.jpg,666.0,2.187220697765582,29.120053859730724,1.6691167147940436,8.639999999999992
00302.jpg,668.5,2.1954309856701077,29.174657421389824,1.6722465069946866,8.67999999999999
00303.jpg,682.0,2.239766540354545,29.467768315727287,1.689047172796457,8.71999999999999
00304.jpg,676.0,2.220061849383684,29.33785834448333,1.681600932982953,8.75999999999999
00305.jpg,677.0,2.2233459645454943,29.35954992478095,1.6828442610145378,8.799999999999988
00306.jpg,662.5,2.1757262946992464,29.043436408025915,1.6647251202626108,8.839999999999987
00307.jpg,673.5,2.2118515614791585,29.283559096857267,1.6784885835947974,8.879999999999987
00308.jpg,653.5,2.146169258242955,28.845485651734638,1.6533788872637496,8.919999999999986
00309.jpg,668.0,2.1937889280892025,29.163744887841286,1.6716210173498407,8.959999999999985
00329.jpg,545.0,1.7898427631865501,26.34227689249097,1.5098988098985664,9.19999999999998
00373.jpg,611.5,2.0082364214469273,27.90315361398335,1.5993658637070975,9.439999999999975
00374.jpg,662.5,2.1757262946992464,29.043436408025915,1.6647251202626108,9.479999999999974
00375.jpg,664.0,2.180652467441962,29.076297180076903,1.6666086491927268,9.519999999999973
00376.jpg,659.0,2.164231891632911,28.96661630188228,1.6603219098903281,9.559999999999972
00377.jpg,670.0,2.2003571584128228,29.20737055903114,1.67412157374743,9.599999999999971
00378.jpg,655.0,2.15109543098567,28.878571671769564,1.6552753270619833,9.63999999999997
00379.jpg,646.0,2.1215383945293786,28.679483013103898,1.6438638712485611,9.67999999999997
00380.jpg,649.0,2.131390740014809,28.745999104799274,1.6476764713552203,9.719999999999969
00381.jpg,662.5,2.1757262946992464,29.043436408025915,1.6647251202626108,9.759999999999968
00384.jpg,693.5,2.2775338647153625,29.715174983059335,1.7032281425770956,9.879999999999965
00385.jpg,671.5,2.205283331155538,29.2400470979385,1.6759945427170142,9.919999999999964
00396.jpg,677.0,2.2233459645454943,29.35954992478095,1.6828442610145378,9.999999999999963
00397.jpg,678.0,2.2266300797073044,29.381225490616288,1.6840866711217668,10.039999999999962
00398.jpg,674.5,2.2151356766409687,29.305290869122373,1.6797342153681625,10.079999999999961
00399.jpg,661.5,2.1724421795374362,29.02150855559218,1.6634682494754556,10.11999999999996
00400.jpg,691.0,2.269323576810837,29.661566469288122,1.7001553849914877,10.15999999999996
00404.jpg,663.5,2.179010409861057,29.065347717372667,1.6659810428254553,10.279999999999957
00405.jpg,678.0,2.2266300797073044,29.381225490616288,1.6840866711217668,10.319999999999956
00406.jpg,667.5,2.1921468705082976,29.15282826949593,1.6709952935707217,10.359999999999955
00407.jpg,648.5,2.129748682433904,28.73492378205923,1.6470416508842076,10.399999999999954
00408.jpg,632.5,2.077202839844941,28.37823130579125,1.6265965865636547,10.439999999999953
00409.jpg,640.0,2.1018337035585173,28.54598585844434,1.6362120195970145,10.479999999999952
00410.jpg,638.5,2.0969075308158023,28.512513907289925,1.6342934588203855,10.519999999999952
00411.jpg,668.0,2.1937889280892025,29.163744887841286,1.6716210173498407,10.55999999999995
00412.jpg,651.5,2.1396010279193347,28.801311834618897,1.6508469119844695,10.59999999999995
00413.jpg,652.5,2.142885143081145,28.823407205597565,1.6521133846770586,10.639999999999949
00414.jpg,639.0,2.098549588396707,28.523675588636344,1.634933229233938,10.679999999999948
00415.jpg,669.5,2.198715100831918,29.19647025241564,1.673496784931587,10.719999999999947
00416.jpg,658.5,2.1625898340520058,28.955625363789064,1.6596919262175294,10.759999999999946
00417.jpg,638.0,2.095265473234897,28.501347854812654,1.6336534378603331,10.799999999999946
00418.jpg,649.5,2.1330327975957144,28.757070162057335,1.648311047335364,10.839999999999945
00419.jpg,643.0,2.111686049043948,28.61281229213077,1.640042408029446,10.879999999999944
00420.jpg,646.0,2.1215383945293786,28.679483013103898,1.6438638712485611,10.919999999999943
00421.jpg,624.0,2.0492878609695544,28.18690255978371,1.6156299170128339,10.959999999999942
00422.jpg,651.0,2.1379589703384294,28.79025779013781,1.650213311150545,10.999999999999941
00423.jpg,647.0,2.124822509691189,28.701672171559103,1.645135719695106,11.03999999999994
00424.jpg,651.5,2.1396010279193347,28.801311834618897,1.6508469119844695,11.07999999999994
00425.jpg,650.5,2.1363169127575246,28.77919949981624,1.6495794669515718,11.119999999999939
00426.jpg,638.5,2.0969075308158023,28.512513907289925,1.6342934588203855,11.159999999999938
00427.jpg,651.0,2.1379589703384294,28.79025779013781,1.650213311150545,11.199999999999937
00428.jpg,636.5,2.090339300492182,28.467823419150456,1.6317318687524134,11.239999999999936
00429.jpg,640.5,2.1034757611394226,28.55713445713473,1.6368510401328382,11.279999999999935
00430.jpg,655.5,2.1527374885665753,28.88959192466898,1.6559069910144018,11.319999999999935
00431.jpg,642.0,2.108401933882138,28.590554169515052,1.6387666066632538,11.359999999999934
00432.jpg,632.5,2.077202839844941,28.37823130579125,1.6265965865636547,11.399999999999933
00433.jpg,641.0,2.1051178187203274,28.568278705151968,1.637489811294766,11.439999999999932
00434.jpg,648.0,2.128106624852999,28.723844188903154,1.646406585639514,11.479999999999931
00435.jpg,652.0,2.1412430855002396,28.812361638146328,1.6514802697334514,11.51999999999993
00436.jpg,671.5,2.205283331155538,29.2400470979385,1.6759945427170142,11.55999999999993
00437.jpg,652.5,2.142885143081145,28.823407205597565,1.6521133846770586,11.599999999999929
00438.jpg,650.5,2.1363169127575246,28.77919949981624,1.6495794669515718,11.639999999999928
00439.jpg,655.0,2.15109543098567,28.878571671769564,1.6552753270619833,11.679999999999927
00440.jpg,643.5,2.113328106624853,28.623934862926816,1.640679936686384,11.719999999999926
00441.jpg,647.5,2.1264645672720937,28.712760320387485,1.6457712753377818,11.759999999999925
00442.jpg,660.5,2.169158064375626,28.999564122544584,1.6622104283130066,11.799999999999924
00443.jpg,649.5,2.1330327975957144,28.757070162057335,1.648311047335364,11.839999999999923
00444.jpg,641.0,2.1051178187203274,28.568278705151968,1.637489811294766,11.879999999999923
00445.jpg,621.5,2.0410775730650292,28.130381743817548,1.6123902307431124,11.919999999999922
00446.jpg,657.5,2.1593057188901956,28.9336309623139,1.6584312409416393,11.959999999999921
00447.jpg,647.5,2.1264645672720937,28.712760320387485,1.6457712753377818,11.99999999999992
00448.jpg,645.5,2.1198963369484733,28.668381993522893,1.6432275778741339,12.03999999999992
00449.jpg,640.5,2.1034757611394226,28.55713445713473,1.6368510401328382,12.079999999999918
00450.jpg,635.5,2.087055185330372,28.44545184522819,1.630449564531763,12.119999999999918
00451.jpg,628.0,2.0624243216167955,28.277100878514442,1.6207999459614404,12.159999999999917
00452.jpg,631.0,2.072276667102226,28.34456125481373,1.6246666710097462,12.199999999999916
00453.jpg,646.0,2.1215383945293786,28.679483013103898,1.6438638712485611,12.239999999999915
00454.jpg,641.0,2.1051178187203274,28.568278705151968,1.637489811294766,12.279999999999914
00455.jpg,646.5,2.1231804521102835,28.690579737455337,1.6444999184270337,12.319999999999913
00456.jpg,644.0,2.1149701642057583,28.635053113438516,1.641317217711266,12.359999999999912
00457.jpg,629.0,2.0657084367786056,28.299605538565682,1.622089878474382,12.399999999999912
00458.jpg,615.5,2.021372882094168,27.994266194785187,1.6045882967519305,12.43999999999991
00459.jpg,632.0,2.075560782264036,28.367012395961314,1.6259535359014163,12.47999999999991
00460.jpg,642.0,2.108401933882138,28.590554169515052,1.6387666066632538,12.519999999999909
00461.jpg,644.5,2.116612221786663,28.646167048696277,1.641954251392427,12.559999999999908
00462.jpg,652.0,2.1412430855002396,28.812361638146328,1.6514802697334514,12.599999999999907
00463.jpg,642.0,2.108401933882138,28.590554169515052,1.6387666066632538,12.639999999999906
00464.jpg,625.0,2.0525719761313646,28.209479177387816,1.6169239740220704,12.679999999999906
00465.jpg,651.0,2.1379589703384294,28.79025779013781,1.650213311150545,12.719999999999905
00466.jpg,642.0,2.108401933882138,28.590554169515052,1.6387666066632538,12.759999999999904
00467.jpg,655.5,2.1527374885665753,28.88959192466898,1.6559069910144018,12.799999999999903
00468.jpg,629.5,2.0673504943595105,28.310851160125598,1.6227344602119131,12.839999999999902
00469.jpg,631.5,2.0739187246831308,28.355789047393042,1.6253102308175214,12.879999999999901
00470.jpg,638.0,2.095265473234897,28.501347854812654,1.6336534378603331,12.9199999999999
00471.jpg,626.0,2.0558560912931747,28.2320377409108,1.6182169961991353,12.9599999999999
00472.jpg,639.0,2.098549588396707,28.523675588636344,1.634933229233938,12.999999999999899
00473.jpg,626.5,2.05749814887408,28.243310265912164,1.6188631200005656,13.039999999999898
00474.jpg,644.0,2.1149701642057583,28.635053113438516,1.641317217711266,13.079999999999897
00475.jpg,631.5,2.0739187246831308,28.355789047393042,1.6253102308175214,13.119999999999896
00476.jpg,641.0,2.1051178187203274,28.568278705151968,1.637489811294766,13.159999999999895
00477.jpg,643.5,2.113328106624853,28.623934862926816,1.640679936686384,13.199999999999894
00478.jpg,637.0,2.091981358073087,28.479002615897535,1.6323726431218017,13.239999999999894
00479.jpg,632.0,2.075560782264036,28.367012395961314,1.6259535359014163,13.279999999999893
00480.jpg,628.5,2.0640663791977003,28.288355446473904,1.6214450404928382,13.319999999999892
00481.jpg,629.5,2.0673504943595105,28.310851160125598,1.6227344602119131,13.359999999999891
00482.jpg,622.0,2.042719630645934,28.14169498849121,1.6130386885335521,13.39999999999989
00483.jpg,647.5,2.1264645672720937,28.712760320387485,1.6457712753377818,13.43999999999989
00484.jpg,650.0,2.1346748551766193,28.76813695875796,1.6489453791069058,13.479999999999889
00485.jpg,645.0,2.1182542793675685,28.65727667372076,1.6425910380176432,13.519999999999888
00486.jpg,652.5,2.142885143081145,28.823407205597565,1.6521133846770586,13.559999999999887
00487.jpg,624.5,2.0509299185504597,28.198193128055372,1.616277075026776,13.599999999999886
00488.jpg,630.0,2.0689925519404158,28.32209231647889,1.6233787860106659,13.639999999999885
00489.jpg,624.5,2.0509299185504597,28.198193128055372,1.616277075026776,13.679999999999884
00490.jpg,635.5,2.087055185330372,28.44545184522819,1.630449564531763,13.719999999999883
00491.jpg,646.0,2.1215383945293786,28.679483013103898,1.6438638712485611,13.759999999999883
00492.jpg,643.5,2.113328106624853,28.623934862926816,1.640679936686384,13.799999999999882
00493.jpg,642.5,2.110043991463043,28.60168539601018,1.6394046314515551,13.83999999999988
00494.jpg,616.5,2.024656997255978,28.016998042781598,1.6058912513285852,13.87999999999988
00495.jpg,636.5,2.090339300492182,28.467823419150456,1.6317318687524134,13.91999999999988
00496.jpg,636.5,2.090339300492182,28.467823419150456,1.6317318687524134,13.959999999999878
00497.jpg,629.0,2.0657084367786056,28.299605538565682,1.622089878474382,13.999999999999877
00498.jpg,632.5,2.077202839844941,28.37823130579125,1.6265965865636547,14.039999999999877
00499.jpg,636.5,2.090339300492182,28.467823419150456,1.6317318687524134,14.079999999999876
00500.jpg,622.0,2.042719630645934,28.14169498849121,1.6130386885335521,14.119999999999875
00501.jpg,625.5,2.05421403371227,28.22076071320269,1.617570614309477,14.159999999999874
00502.jpg,638.0,2.095265473234897,28.501347854812654,1.6336534378603331,14.199999999999873
00503.jpg,640.0,2.1018337035585173,28.54598585844434,1.6362120195970145,14.239999999999872
00504.jpg,647.0,2.124822509691189,28.701672171559103,1.645135719695106,14.279999999999871
00505.jpg,663.5,2.179010409861057,29.065347717372667,1.6659810428254553,14.31999999999987
00506.jpg,646.0,2.1215383945293786,28.679483013103898,1.6438638712485611,14.35999999999987
00507.jpg,649.0,2.131390740014809,28.745999104799274,1.6476764713552203,14.399999999999869
00532.jpg,647.0,2.124822509691189,28.701672171559103,1.645135719695106,14.559999999999865
00533.jpg,647.0,2.124822509691189,28.701672171559103,1.645135719695106,14.599999999999865
00534.jpg,652.0,2.1412430855002396,28.812361638146328,1.6514802697334514,14.639999999999864
00535.jpg,637.5,2.093623415653992,28.490177426065046,1.6330131660591936,14.679999999999863
00536.jpg,624.5,2.0509299185504597,28.198193128055372,1.616277075026776,14.719999999999862
00537.jpg,657.0,2.1576636613092908,28.92262748940701,1.6578005387925931,14.759999999999861
00538.jpg,633.0,2.078844897425846,28.38944578214513,1.627239383105862,14.79999999999986
00539.jpg,645.5,2.1198963369484733,28.668381993522893,1.6432275778741339,14.83999999999986
00540.jpg,621.0,2.039435515484124,28.11906394744562,1.6117415120563265,14.879999999999859
00541.jpg,653.0,2.1445272006620497,28.834448541840736,1.6527462570943252,14.919999999999858
00542.jpg,637.5,2.093623415653992,28.490177426065046,1.6330131660591936,14.959999999999857
00543.jpg,649.0,2.131390740014809,28.745999104799274,1.6476764713552203,14.999999999999856
00544.jpg,641.5,2.1067598763012327,28.579418607585545,1.6381283333745198,15.039999999999855
00545.jpg,640.0,2.1018337035585173,28.54598585844434,1.6362120195970145,15.079999999999854
00550.jpg,652.5,2.142885143081145,28.823407205597565,1.6521133846770586,15.239999999999851
00551.jpg,638.0,2.095265473234897,28.501347854812654,1.6336534378603331,15.27999999999985
00552.jpg,634.5,2.0837710701685612,28.423062662817685,1.6291662510196399,15.31999999999985
00553.jpg,626.5,2.05749814887408,28.243310265912164,1.6188631200005656,15.359999999999848
00554.jpg,634.5,2.0837710701685612,28.423062662817685,1.6291662510196399,15.399999999999848
00555.jpg,627.5,2.06078226403589,28.265841829340843,1.6201545945737381,15.439999999999847
00556.jpg,641.0,2.1051178187203274,28.568278705151968,1.637489811294766,15.479999999999846
00557.jpg,634.5,2.0837710701685612,28.423062662817685,1.6291662510196399,15.519999999999845
00558.jpg,629.5,2.0673504943595105,28.310851160125598,1.6227344602119131,15.559999999999844
00559.jpg,629.0,2.0657084367786056,28.299605538565682,1.622089878474382,15.599999999999843
00560.jpg,613.5,2.0148046517705476,27.948747032649287,1.6019792083645799,15.639999999999842
00561.jpg,626.0,2.0558560912931747,28.2320377409108,1.6182169961991353,15.679999999999842
00562.jpg,630.0,2.0689925519404158,28.32209231647889,1.6233787860106659,15.71999999999984
00563.jpg,640.5,2.1034757611394226,28.55713445713473,1.6368510401328382,15.75999999999984
00564.jpg,614.5,2.0180887669323577,27.971515873112015,1.6032842832925274,15.799999999999839
00565.jpg,645.0,2.1182542793675685,28.65727667372076,1.6425910380176432,15.839999999999838
00570.jpg,622.5,2.0443616882268394,28.15300368695388,1.6136868857421676,15.959999999999836
00571.jpg,620.0,2.036151400322314,28.096414677602564,1.610443290732457,15.999999999999835
00572.jpg,619.5,2.0345093427414085,28.085083193101518,1.6097937874631558,16.039999999999836
00573.jpg,632.5,2.077202839844941,28.37823130579125,1.6265965865636547,16.079999999999835
00574.jpg,618.5,2.0312252275795983,28.062406497282055,1.6084939941244867,16.119999999999834
00575.jpg,624.5,2.0509299185504597,28.198193128055372,1.616277075026776,16.159999999999833
00576.jpg,622.0,2.042719630645934,28.14169498849121,1.6130386885335521,16.199999999999832
00577.jpg,632.0,2.075560782264036,28.367012395961314,1.6259535359014163,16.23999999999983
00578.jpg,623.0,2.0460037458077442,28.16430784468183,1.6143348226828502,16.27999999999983
00579.jpg,624.5,2.0509299185504597,28.198193128055372,1.616277075026776,16.31999999999983
00580.jpg,636.5,2.090339300492182,28.467823419150456,1.6317318687524134,16.35999999999983
00581.jpg,629.5,2.0673504943595105,28.310851160125598,1.6227344602119131,16.399999999999828
00582.jpg,628.5,2.0640663791977003,28.288355446473904,1.6214450404928382,16.439999999999827
00583.jpg,623.5,2.0476458033886495,28.17560746714033,1.614982499668861,16.479999999999826
00584.jpg,623.0,2.0460037458077442,28.16430784468183,1.6143348226828502,16.519999999999825
00585.jpg,632.5,2.077202839844941,28.37823130579125,1.6265965865636547,16.559999999999825
00588.jpg,632.5,2.077202839844941,28.37823130579125,1.6265965865636547,16.599999999999824
00589.jpg,635.5,2.087055185330372,28.44545184522819,1.630449564531763,16.639999999999823
00590.jpg,646.5,2.1231804521102835,28.690579737455337,1.6444999184270337,16.679999999999822
00591.jpg,629.0,2.0657084367786056,28.299605538565682,1.622089878474382,16.71999999999982
00592.jpg,634.5,2.0837710701685612,28.423062662817685,1.6291662510196399,16.75999999999982
00593.jpg,618.5,2.0312252275795983,28.062406497282055,1.6084939941244867,16.79999999999982
00594.jpg,608.5,1.9983840759614966,27.83462345661149,1.5954378204525137,16.83999999999982
00595.jpg,613.5,2.0148046517705476,27.948747032649287,1.6019792083645799,16.879999999999818
00596.jpg,615.0,2.019730824513263,27.982893345973448,1.6039364225439383,16.919999999999817
00597.jpg,635.0,2.0854131277494665,28.43425945768288,1.6298080340861012,16.959999999999816
00598.jpg,635.0,2.0854131277494665,28.43425945768288,1.6298080340861012,16.999999999999815
00599.jpg,622.5,2.0443616882268394,28.15300368695388,1.6136868857421676,17.039999999999814
00600.jpg,622.0,2.042719630645934,28.14169498849121,1.6130386885335521,17.079999999999814
00601.jpg,627.5,2.06078226403589,28.265841829340843,1.6201545945737381,17.119999999999813
00602.jpg,614.0,2.016446709351453,27.96013377055607,1.6026318786741451,17.159999999999812
00603.jpg,613.5,2.0148046517705476,27.948747032649287,1.6019792083645799,17.19999999999981
00604.jpg,620.0,2.036151400322314,28.096414677602564,1.610443290732457,17.23999999999981
00605.jpg,615.0,2.019730824513263,27.982893345973448,1.6039364225439383,17.27999999999981
00606.jpg,620.5,2.037793457903219,28.107741593877094,1.6110925321580383,17.31999999999981
00607.jpg,620.5,2.037793457903219,28.107741593877094,1.6110925321580383,17.359999999999808
00608.jpg,658.0,2.160947776471101,28.944630252185586,1.659061703325539,17.399999999999807
00609.jpg,642.0,2.108401933882138,28.590554169515052,1.6387666066632538,17.439999999999806
00610.jpg,621.0,2.039435515484124,28.11906394744562,1.6117415120563265,17.479999999999805
00611.jpg,612.5,2.0115205366087374,27.92595962810029,1.60067306937175,17.519999999999804
00612.jpg,633.5,2.080486955006751,28.400655830274864,1.6278819258290695,17.559999999999803
00613.jpg,630.0,2.0689925519404158,28.32209231647889,1.6233787860106659,17.599999999999802
00614.jpg,618.0,2.0295831699986935,28.05106127486678,1.607843703419064,17.6399999999998
00615.jpg,621.5,2.0410775730650292,28.130381743817548,1.6123902307431124,17.6799999999998
00616.jpg,628.5,2.0640663791977003,28.288355446473904,1.6214450404928382,17.7199999999998
00617.jpg,634.0,2.0821290125876564,28.41186145542198,1.628524215033714,17.7599999999998
00618.jpg,626.0,2.0558560912931747,28.2320377409108,1.6182169961991353,17.799999999999798
00619.jpg,611.5,2.0082364214469273,27.90315361398335,1.5993658637070975,17.839999999999797
00620.jpg,628.0,2.0624243216167955,28.277100878514442,1.6207999459614404,17.879999999999797
00621.jpg,637.0,2.091981358073087,28.479002615897535,1.6323726431218017,17.919999999999796
00622.jpg,620.5,2.037793457903219,28.107741593877094,1.6110925321580383,17.959999999999795
00623.jpg,866.0,2.844043730127619,33.20580439833751,1.9033056537746125,17.999999999999794
00624.jpg,621.5,2.0410775730650292,28.130381743817548,1.6123902307431124,18.039999999999793
00625.jpg,634.5,2.0837710701685612,28.423062662817685,1.6291662510196399,18.079999999999792
00626.jpg,636.5,2.090339300492182,28.467823419150456,1.6317318687524134,18.11999999999979
00627.jpg,625.5,2.05421403371227,28.22076071320269,1.617570614309477,18.15999999999979
00628.jpg,619.0,2.0328672851605036,28.07374713484229,1.6091440220330677,18.19999999999979
00629.jpg,617.0,2.0262990548368833,28.02835705319874,1.6065423323410757,18.23999999999979
00630.jpg,613.0,2.0131625941896427,27.937355653723827,1.6013262720389596,18.279999999999788
00631.jpg,617.0,2.0262990548368833,28.02835705319874,1.6065423323410757,18.319999999999787
00632.jpg,630.0,2.0689925519404158,28.32209231647889,1.6233787860106659,18.359999999999786
00633.jpg,623.5,2.0476458033886495,28.17560746714033,1.614982499668861,18.399999999999785
00634.jpg,626.5,2.05749814887408,28.243310265912164,1.6188631200005656,18.439999999999785
00635.jpg,636.5,2.090339300492182,28.467823419150456,1.6317318687524134,18.479999999999784
00636.jpg,619.5,2.0345093427414085,28.085083193101518,1.6097937874631558,18.519999999999783
00637.jpg,610.5,2.004952306285117,27.88032894463078,1.598057588753022,18.559999999999782
00638.jpg,597.5,1.9622588091815847,27.581889492550356,1.580951498214149,18.59999999999978
00639.jpg,624.0,2.0492878609695544,28.18690255978371,1.6156299170128339,18.63999999999978
00640.jpg,619.0,2.0328672851605036,28.07374713484229,1.6091440220330677,18.67999999999978
00641.jpg,614.5,2.0180887669323577,27.971515873112015,1.6032842832925274,18.71999999999978
00642.jpg,625.5,2.05421403371227,28.22076071320269,1.617570614309477,18.759999999999778
00643.jpg,624.5,2.0509299185504597,28.198193128055372,1.616277075026776,18.799999999999777
00644.jpg,645.5,2.1198963369484733,28.668381993522893,1.6432275778741339,18.839999999999776
00645.jpg,632.5,2.077202839844941,28.37823130579125,1.6265965865636547,18.879999999999775
00646.jpg,640.5,2.1034757611394226,28.55713445713473,1.6368510401328382,18.919999999999774
00647.jpg,582.5,1.912997081754432,27.233472690941056,1.5609807828410787,18.959999999999773
00648.jpg,657.5,2.1593057188901956,28.9336309623139,1.6584312409416393,18.999999999999773
00649.jpg,655.5,2.1527374885665753,28.88959192466898,1.6559069910144018,19.03999999999977
00650.jpg,633.0,2.078844897425846,28.38944578214513,1.627239383105862,19.07999999999977
00661.jpg,630.0,2.0689925519404158,28.32209231647889,1.6233787860106659,19.51999999999976
00662.jpg,610.0,2.003310248704212,27.868909599918855,1.5974030494715192,19.55999999999976
00663.jpg,618.0,2.0295831699986935,28.05106127486678,1.607843703419064,19.59999999999976
00664.jpg,636.5,2.090339300492182,28.467823419150456,1.6317318687524134,19.63999999999976
00665.jpg,619.5,2.0345093427414085,28.085083193101518,1.6097937874631558,19.679999999999758
00666.jpg,609.0,2.0000261335424017,27.846056861676377,1.5960931656518302,19.719999999999757
00667.jpg,617.0,2.0262990548368833,28.02835705319874,1.6065423323410757,19.759999999999756
00668.jpg,615.5,2.021372882094168,27.994266194785187,1.6045882967519305,19.799999999999756
00669.jpg,617.0,2.0262990548368833,28.02835705319874,1.6065423323410757,19.839999999999755
00670.jpg,618.0,2.0295831699986935,28.05106127486678,1.607843703419064,19.879999999999754
00671.jpg,600.0,1.97046909708611,27.63953195770684,1.5842554756909102,19.919999999999753
00672.jpg,627.0,2.059140206454985,28.254578293596012,1.6195089860226708,19.959999999999752
00673.jpg,619.5,2.0345093427414085,28.085083193101518,1.6097937874631558,19.99999999999975
00674.jpg,623.0,2.0460037458077442,28.16430784468183,1.6143348226828502,20.03999999999975
00675.jpg,624.0,2.0492878609695544,28.18690255978371,1.6156299170128339,20.07999999999975
00676.jpg,614.0,2.016446709351453,27.96013377055607,1.6026318786741451,20.11999999999975
00677.jpg,604.0,1.983605557733351,27.73151068766428,1.589527555073627,20.159999999999748
00678.jpg,606.0,1.9901737880569712,27.777385840094972,1.5921570482773357,20.199999999999747
00679.jpg,620.5,2.037793457903219,28.107741593877094,1.6110925321580383,20.239999999999746
00680.jpg,628.5,2.0640663791977003,28.288355446473904,1.6214450404928382,20.279999999999745
00681.jpg,621.5,2.0410775730650292,28.130381743817548,1.6123902307431124,20.319999999999744
00682.jpg,611.5,2.0082364214469273,27.90315361398335,1.5993658637070975,20.359999999999744
00683.jpg,619.0,2.0328672851605036,28.07374713484229,1.6091440220330677,20.399999999999743
00684.jpg,621.5,2.0410775730650292,28.130381743817548,1.6123902307431124,20.439999999999742
00685.jpg,604.5,1.985247615314256,27.742986587467577,1.590185336006013,20.47999999999974
00686.jpg,614.5,2.0180887669323577,27.971515873112015,1.6032842832925274,20.51999999999974
00687.jpg,610.5,2.004952306285117,27.88032894463078,1.598057588753022,20.55999999999974
00688.jpg,612.5,2.0115205366087374,27.92595962810029,1.60067306937175,20.59999999999974
00689.jpg,617.0,2.0262990548368833,28.02835705319874,1.6065423323410757,20.639999999999738
00690.jpg,619.0,2.0328672851605036,28.07374713484229,1.6091440220330677,20.679999999999737
00691.jpg,623.5,2.0476458033886495,28.17560746714033,1.614982499668861,20.719999999999736
00692.jpg,613.5,2.0148046517705476,27.948747032649287,1.6019792083645799,20.759999999999735
00695.jpg,623.0,2.0460037458077442,28.16430784468183,1.6143348226828502,20.879999999999733
00696.jpg,630.0,2.0689925519404158,28.32209231647889,1.6233787860106659,20.91999999999973
00697.jpg,625.5,2.05421403371227,28.22076071320269,1.617570614309477,20.95999999999973
00698.jpg,616.0,2.023014939675073,28.00563442518059,1.6052399062393992,20.99999999999973
00699.jpg,604.0,1.983605557733351,27.73151068766428,1.589527555073627,21.03999999999973
00700.jpg,610.5,2.004952306285117,27.88032894463078,1.598057588753022,21.07999999999973
00701.jpg,611.0,2.006594363866022,27.891743614073043,1.598711860055256,21.119999999999727
00702.jpg,621.5,2.0410775730650292,28.130381743817548,1.6123902307431124,21.159999999999727
00703.jpg,612.0,2.009878479027832,27.914558950087667,1.6000196000367508,21.199999999999726
00704.jpg,629.5,2.0673504943595105,28.310851160125598,1.6227344602119131,21.239999999999725
00705.jpg,624.5,2.0509299185504597,28.198193128055372,1.616277075026776,21.279999999999724
00706.jpg,606.0,1.9901737880569712,27.777385840094972,1.5921570482773357,21.319999999999723
00707.jpg,602.5,1.9786793849906357,27.69705445896613,1.58755257702153,21.359999999999722
00708.jpg,610.0,2.003310248704212,27.868909599918855,1.5974030494715192,21.39999999999972
00709.jpg,622.5,2.0443616882268394,28.15300368695388,1.6136868857421676,21.43999999999972
00710.jpg,615.0,2.019730824513263,27.982893345973448,1.6039364225439383,21.47999999999972
00711.jpg,613.0,2.0131625941896427,27.937355653723827,1.6013262720389596,21.51999999999972
00712.jpg,613.0,2.0131625941896427,27.937355653723827,1.6013262720389596,21.559999999999718
00713.jpg,605.0,1.986889672895161,27.754457742221764,1.5908428449594796,21.599999999999717
00714.jpg,603.5,1.9819635001524458,27.720030036918622,1.5888695018245294,21.639999999999716
00715.jpg,615.0,2.019730824513263,27.982893345973448,1.6039364225439383,21.679999999999715
00716.jpg,610.5,2.004952306285117,27.88032894463078,1.598057588753022,21.719999999999715
00717.jpg,612.0,2.009878479027832,27.914558950087667,1.6000196000367508,21.759999999999714
00718.jpg,603.0,1.9803214425715407,27.70854462932514,1.5882111759202284,21.799999999999713
00719.jpg,605.0,1.986889672895161,27.754457742221764,1.5908428449594796,21.839999999999712
00720.jpg,618.0,2.0295831699986935,28.05106127486678,1.607843703419064,21.87999999999971
00721.jpg,617.5,2.027941112417788,28.039711462031185,1.6071931495978065,21.91999999999971
00722.jpg,620.0,2.036151400322314,28.096414677602564,1.610443290732457,21.95999999999971
00723.jpg,603.0,1.9803214425715407,27.70854462932514,1.5882111759202284,21.99999999999971
00724.jpg,621.5,2.0410775730650292,28.130381743817548,1.6123902307431124,22.039999999999708
00725.jpg,614.0,2.016446709351453,27.96013377055607,1.6026318786741451,22.079999999999707
00726.jpg,598.0,1.9639008667624898,27.59342761875783,1.5816128458683485,22.119999999999706
00727.jpg,600.0,1.97046909708611,27.63953195770684,1.5842554756909102,22.159999999999705
00728.jpg,612.0,2.009878479027832,27.914558950087667,1.6000196000367508,22.199999999999704
00729.jpg,607.5,1.9950999607996864,27.81174254566965,1.5941263218170132,22.239999999999704
00730.jpg,605.5,1.9885317304760661,27.765924157807913,1.5915000822711207,22.279999999999703
00731.jpg,604.0,1.983605557733351,27.73151068766428,1.589527555073627,22.319999999999702
00732.jpg,603.5,1.9819635001524458,27.720030036918622,1.5888695018245294,22.3599999999997
00733.jpg,622.5,2.0443616882268394,28.15300368695388,1.6136868857421676,22.3999999999997
00751.jpg,550.0,1.8062633389956009,26.462837142006137,1.5168091380378896,22.4799999999997
00752.jpg,607.5,1.9950999607996864,27.81174254566965,1.5941263218170132,22.519999999999698
00753.jpg,607.5,1.9950999607996864,27.81174254566965,1.5941263218170132,22.559999999999697
00754.jpg,617.5,2.027941112417788,28.039711462031185,1.6071931495978065,22.599999999999696
00755.jpg,626.5,2.05749814887408,28.243310265912164,1.6188631200005656,22.639999999999695
00756.jpg,604.0,1.983605557733351,27.73151068766428,1.589527555073627,22.679999999999694
00757.jpg,604.5,1.985247615314256,27.742986587467577,1.590185336006013,22.719999999999693
00758.jpg,613.0,2.0131625941896427,27.937355653723827,1.6013262720389596,22.759999999999692
00759.jpg,615.0,2.019730824513263,27.982893345973448,1.6039364225439383,22.79999999999969
00760.jpg,611.5,2.0082364214469273,27.90315361398335,1.5993658637070975,22.83999999999969
00761.jpg,619.0,2.0328672851605036,28.07374713484229,1.6091440220330677,22.87999999999969
00762.jpg,617.5,2.027941112417788,28.039711462031185,1.6071931495978065,22.91999999999969
00763.jpg,611.5,2.0082364214469273,27.90315361398335,1.5993658637070975,22.959999999999688
00764.jpg,610.0,2.003310248704212,27.868909599918855,1.5974030494715192,22.999999999999687
00765.jpg,603.5,1.9819635001524458,27.720030036918622,1.5888695018245294,23.039999999999687
00766.jpg,611.0,2.006594363866022,27.891743614073043,1.598711860055256,23.079999999999686
00767.jpg,608.0,1.9967420183805915,27.823185353208192,1.5947822059516632,23.119999999999685
00768.jpg,621.0,2.039435515484124,28.11906394744562,1.6117415120563265,23.159999999999684
00769.jpg,596.5,1.9589746940197745,27.558798748031897,1.5796279722406583,23.199999999999683
00770.jpg,763.5,2.507421926042075,31.17881319751117,1.7871216346674794,23.239999999999682
00773.jpg,625.5,2.05421403371227,28.22076071320269,1.617570614309477,23.35999999999968
00774.jpg,640.0,2.1018337035585173,28.54598585844434,1.6362120195970145,23.39999999999968
00775.jpg,619.0,2.0328672851605036,28.07374713484229,1.6091440220330677,23.439999999999678
00776.jpg,610.5,2.004952306285117,27.88032894463078,1.598057588753022,23.479999999999677
00777.jpg,592.5,1.9458382333725337,27.46624164780438,1.5743227415633123,23.519999999999676
00778.jpg,617.0,2.0262990548368833,28.02835705319874,1.6065423323410757,23.559999999999675
00779.jpg,602.0,1.9770373274097304,27.685559519911603,1.5868937047885365,23.599999999999675
00780.jpg,607.5,1.9950999607996864,27.81174254566965,1.5941263218170132,23.639999999999674
00781.jpg,625.5,2.05421403371227,28.22076071320269,1.617570614309477,23.679999999999673
00782.jpg,620.0,2.036151400322314,28.096414677602564,1.610443290732457,23.719999999999672
00783.jpg,618.5,2.0312252275795983,28.062406497282055,1.6084939941244867,23.75999999999967
00784.jpg,621.5,2.0410775730650292,28.130381743817548,1.6123902307431124,23.79999999999967
00785.jpg,605.0,1.986889672895161,27.754457742221764,1.5908428449594796,23.83999999999967
00786.jpg,613.5,2.0148046517705476,27.948747032649287,1.6019792083645799,23.87999999999967
00787.jpg,599.0,1.9671849819243,27.616489409343153,1.5829347122469088,23.919999999999668
00788.jpg,642.0,2.108401933882138,28.590554169515052,1.6387666066632538,23.959999999999667
00789.jpg,615.0,2.019730824513263,27.982893345973448,1.6039364225439383,23.999999999999666
00790.jpg,607.0,1.9934579032187814,27.80029502818709,1.5934701677156136,24.039999999999665
00791.jpg,620.5,2.037793457903219,28.107741593877094,1.6110925321580383,24.079999999999664
00792.jpg,619.0,2.0328672851605036,28.07374713484229,1.6091440220330677,24.119999999999663
00793.jpg,619.5,2.0345093427414085,28.085083193101518,1.6097937874631558,24.159999999999663
00794.jpg,613.0,2.0131625941896427,27.937355653723827,1.6013262720389596,24.199999999999662
00795.jpg,628.0,2.0624243216167955,28.277100878514442,1.6207999459614404,24.23999999999966
00796.jpg,622.5,2.0443616882268394,28.15300368695388,1.6136868857421676,24.27999999999966
00797.jpg,618.0,2.0295831699986935,28.05106127486678,1.607843703419064,24.31999999999966
00798.jpg,619.0,2.0328672851605036,28.07374713484229,1.6091440220330677,24.35999999999966
00799.jpg,599.5,1.968827039505205,27.628013085792652,1.583595231663198,24.399999999999658
00800.jpg,593.5,1.9491223485343439,27.489410139184855,1.575650723867397,24.439999999999657
00801.jpg,623.5,2.0476458033886495,28.17560746714033,1.614982499668861,24.479999999999656
00802.jpg,627.0,2.059140206454985,28.254578293596012,1.6195089860226708,24.519999999999655
00803.jpg,620.5,2.037793457903219,28.107741593877094,1.6110925321580383,24.559999999999654
00804.jpg,616.5,2.024656997255978,28.016998042781598,1.6058912513285852,24.599999999999653
00805.jpg,602.5,1.9786793849906357,27.69705445896613,1.58755257702153,24.639999999999652
00806.jpg,621.0,2.039435515484124,28.11906394744562,1.6117415120563265,24.67999999999965
00807.jpg,617.0,2.0262990548368833,28.02835705319874,1.6065423323410757,24.71999999999965
00808.jpg,615.0,2.019730824513263,27.982893345973448,1.6039364225439383,24.75999999999965
00809.jpg,626.5,2.05749814887408,28.243310265912164,1.6188631200005656,24.79999999999965
00810.jpg,622.5,2.0443616882268394,28.15300368695388,1.6136868857421676,24.839999999999648
00811.jpg,609.5,2.001668191123307,27.857485574187805,1.5967482418811973,24.879999999999647
00812.jpg,620.0,2.036151400322314,28.096414677602564,1.610443290732457,24.919999999999646
00813.jpg,614.0,2.016446709351453,27.96013377055607,1.6026318786741451,24.959999999999646
00814.jpg,601.0,1.9737532122479202,27.66255531193445,1.5855751389565427,24.999999999999645
00815.jpg,614.5,2.0180887669323577,27.971515873112015,1.6032842832925274,25.039999999999644
00816.jpg,611.0,2.006594363866022,27.891743614073043,1.598711860055256,25.079999999999643
00817.jpg,609.0,2.0000261335424017,27.846056861676377,1.5960931656518302,25.119999999999642
00818.jpg,594.5,1.952406463696154,27.512559120246415,1.5769775878699985,25.15999999999964
00819.jpg,622.0,2.042719630645934,28.14169498849121,1.6130386885335521,25.19999999999964
00844.jpg,570.0,1.8719456422318046,26.939683377854365,1.5441412311196796,26.19999999999962
00847.jpg,592.5,1.9458382333725337,27.46624164780438,1.5743227415633123,26.319999999999617
00848.jpg,611.0,2.006594363866022,27.891743614073043,1.598711860055256,26.359999999999616
00849.jpg,600.5,1.9721111546670151,27.65104603109013,1.5849154446742089,26.399999999999615
00850.jpg,599.0,1.9671849819243,27.616489409343153,1.5829347122469088,26.439999999999614
00851.jpg,615.5,2.021372882094168,27.994266194785187,1.6045882967519305,26.479999999999613
00852.jpg,615.5,2.021372882094168,27.994266194785187,1.6045882967519305,26.519999999999612
00853.jpg,616.5,2.024656997255978,28.016998042781598,1.6058912513285852,26.55999999999961
00854.jpg,616.0,2.023014939675073,28.00563442518059,1.6052399062393992,26.59999999999961
00855.jpg,628.5,2.0640663791977003,28.288355446473904,1.6214450404928382,26.63999999999961
00856.jpg,614.0,2.016446709351453,27.96013377055607,1.6026318786741451,26.67999999999961
00857.jpg,610.0,2.003310248704212,27.868909599918855,1.5974030494715192,26.719999999999608
00858.jpg,613.5,2.0148046517705476,27.948747032649287,1.6019792083645799,26.759999999999607
00859.jpg,601.0,1.9737532122479202,27.66255531193445,1.5855751389565427,26.799999999999606
00860.jpg,599.0,1.9671849819243,27.616489409343153,1.5829347122469088,26.839999999999606
00861.jpg,596.5,1.9589746940197745,27.558798748031897,1.5796279722406583,26.879999999999605
00862.jpg,606.0,1.9901737880569712,27.777385840094972,1.5921570482773357,26.919999999999604
00863.jpg,607.5,1.9950999607996864,27.81174254566965,1.5941263218170132,26.959999999999603
00864.jpg,606.5,1.9918158456378763,27.788842794939775,1.592813743313829,26.999999999999602
00865.jpg,611.5,2.0082364214469273,27.90315361398335,1.5993658637070975,27.0399999999996
00866.jpg,617.5,2.027941112417788,28.039711462031185,1.6071931495978065,27.0799999999996
00867.jpg,614.0,2.016446709351453,27.96013377055607,1.6026318786741451,27.1199999999996
00868.jpg,604.0,1.983605557733351,27.73151068766428,1.589527555073627,27.1599999999996
00869.jpg,612.0,2.009878479027832,27.914558950087667,1.6000196000367508,27.199999999999598
00870.jpg,611.5,2.0082364214469273,27.90315361398335,1.5993658637070975,27.239999999999597
00871.jpg,607.5,1.9950999607996864,27.81174254566965,1.5941263218170132,27.279999999999596
00872.jpg,620.5,2.037793457903219,28.107741593877094,1.6110925321580383,27.319999999999595
00873.jpg,615.0,2.019730824513263,27.982893345973448,1.6039364225439383,27.359999999999594
00874.jpg,604.5,1.985247615314256,27.742986587467577,1.590185336006013,27.399999999999594
00875.jpg,608.0,1.9967420183805915,27.823185353208192,1.5947822059516632,27.439999999999593
00876.jpg,609.5,2.001668191123307,27.857485574187805,1.5967482418811973,27.479999999999592
00877.jpg,617.5,2.027941112417788,28.039711462031185,1.6071931495978065,27.51999999999959
00878.jpg,608.0,1.9967420183805915,27.823185353208192,1.5947822059516632,27.55999999999959
00879.jpg,603.0,1.9803214425715407,27.70854462932514,1.5882111759202284,27.59999999999959
00880.jpg,594.5,1.952406463696154,27.512559120246415,1.5769775878699985,27.63999999999959
00881.jpg,597.0,1.9606167516006796,27.570346537664197,1.5802898737875113,27.679999999999588
00882.jpg,599.5,1.968827039505205,27.628013085792652,1.583595231663198,27.719999999999587
00883.jpg,602.5,1.9786793849906357,27.69705445896613,1.58755257702153,27.759999999999586
00884.jpg,605.0,1.986889672895161,27.754457742221764,1.5908428449594796,27.799999999999585
00885.jpg,597.5,1.9622588091815847,27.581889492550356,1.580951498214149,27.839999999999584
00886.jpg,600.0,1.97046909708611,27.63953195770684,1.5842554756909102,27.879999999999583
00887.jpg,605.0,1.986889672895161,27.754457742221764,1.5908428449594796,27.919999999999582
00888.jpg,607.5,1.9950999607996864,27.81174254566965,1.5941263218170132,27.95999999999958
00889.jpg,599.5,1.968827039505205,27.628013085792652,1.583595231663198,27.99999999999958
00890.jpg,609.5,2.001668191123307,27.857485574187805,1.5967482418811973,28.03999999999958
00891.jpg,615.0,2.019730824513263,27.982893345973448,1.6039364225439383,28.07999999999958
00892.jpg,608.0,1.9967420183805915,27.823185353208192,1.5947822059516632,28.119999999999578
00893.jpg,612.0,2.009878479027832,27.914558950087667,1.6000196000367508,28.159999999999577
00894.jpg,592.5,1.9458382333725337,27.46624164780438,1.5743227415633123,28.199999999999577
00895.jpg,589.5,1.9359858878871032,27.396618616562492,1.5703320564588055,28.239999999999576
00896.jpg,603.0,1.9803214425715407,27.70854462932514,1.5882111759202284,28.279999999999575
